scenario,Z1,Z2,Z3
S2.1,771.8392326258403,184.08775,450.0
S2.2,802.2392326258404,101.802375,450.0
S2.3,690.2392326258403,504.4330000000001,450.0
S2.4,807.0112143962468,99.84507972886368,450.0
