scenario,Z1,Z2,Z3
S1.1,327.5225784596058,5.248800743130178,0.0
S1.2,1127.9147949703977,2.975950128,678.3199999999999
S1.3,390.1255505254189,1.9789468320000003,68.51
S1.4,931.5666191783577,2.331530656,593.09
