Project,Initial Investment (USD),Interest Rate (%),Loan Term (Years),Annual Revenue (USD),Total Inflows (USD),Total Outflows (USD),Net Cash Flow (USD),ROI (%),Revenue Share (USD),Target Repayment (USD),Required Years,Total Revenue (RBF Period) (USD),Net Cash Flow (RBF) (USD),ROI (RBF) (%),Blended WACC (%),Hybrid Financing Cost (USD),Net Cash Flow (Hybrid) (USD),ROI (Hybrid) (%)
Project 1,1000000,5.0,5,300000,1500000,1150000.0,350000.0,35.0,45000.0,1200000.0,15,4500000,3300000.0,330.0,8.8,88000.0,3212000.0,321.20000000000005
Project 2,2000000,6.0,5,500000,2500000,2360000.0,140000.0,7.000000000000001,75000.0,2400000.0,15,7500000,5100000.0,255.0,8.8,176000.0,4924000.0,246.20000000000002
Project 3,3000000,5.5,5,700000,3500000,3495000.0,5000.0,0.1666666666666666,105000.0,3600000.0,15,10500000,6900000.0,230.0,8.8,264000.00000000006,6636000.0,221.20000000000002
Project 4,4000000,6.5,5,900000,4500000,4780000.0,-280000.0,-7.000000000000001,135000.0,4800000.0,15,13500000,8700000.0,217.5,8.8,352000.0,8348000.0,208.70000000000002
Project 5,5000000,7.000000000000001,5,1100000,5500000,6050000.0,-550000.0,-11.0,165000.0,6000000.0,15,16500000,10500000.0,210.0,8.8,440000.0,10060000.0,201.2
