Project,Initial Investment (USD),Interest Rate (%),Loan Term (Years),Annual Revenue (USD),Total Inflows (USD),Total Outflows (USD),Net Cash Flow (USD),ROI (%)
Project 1,1000000,5.0,5,300000,1500000,1150000.0,350000.0,35.0
Project 2,2000000,6.0,5,500000,2500000,2360000.0,140000.0,7.000000000000001
Project 3,3000000,5.5,5,700000,3500000,3495000.0,5000.0,0.16666666666666669
Project 4,4000000,6.5,5,900000,4500000,4780000.0,-280000.0,-7.000000000000001
Project 5,5000000,7.000000000000001,5,1100000,5500000,6050000.0,-550000.0,-11.0
