Project,Initial Investment (USD),ROI Target (%),Total Inflows (USD),Total Outflows (USD),Net Cash Flow (USD),ROI (%)
Project 1,1000000,27.200000000000003,2024115.2,1000000,1024115.2,102.41152
Project 2,2000000,30.0,4464960.0,2000000,2464960.0,123.248
Project 3,3000000,25.0,5581200.0,3000000,2581200.0,86.04
Project 4,4000000,28.000000000000004,8334592.0,4000000,4334592.0,108.36479999999999
Project 5,5000000,35.0,13022800.0,5000000,8022800.0,160.456
