Project,Initial Investment (USD),Interest Rate (%),Loan Term (Years),Annual Revenue (USD),Total Inflows (USD),Total Outflows (USD),Net Cash Flow (USD),ROI (%),Revenue Share (USD),Target Repayment (USD),Required Years,Total Revenue (RBF Period) (USD),Net Cash Flow (RBF) (USD),ROI (RBF) (%)
Project 1,1000000,5.0,5,300000,1500000,1150000.0,350000.0,35.0,30000.0,1500000.0,50,15000000,13500000.0,1350.0
Project 2,2000000,6.0,5,500000,2500000,2360000.0,140000.0,7.000000000000001,50000.0,3000000.0,60,30000000,27000000.0,1350.0
Project 3,3000000,5.5,5,700000,3500000,3495000.0,5000.0,0.1666666666666666,70000.0,4500000.0,64,44800000,40300000.0,1343.3333333333333
Project 4,4000000,6.5,5,900000,4500000,4780000.0,-280000.0,-7.000000000000001,90000.0,6000000.0,67,60300000,54300000.0,1357.5
Project 5,5000000,7.000000000000001,5,1100000,5500000,6050000.0,-550000.0,-11.0,110000.0,7500000.0,68,74800000,67300000.0,1346.0
